station_id,station_name,location,twd67_lat,twd67_lon,wgs84_api_lat,wgs84_api_lon,wgs84_transformed_lat1,wgs84_transformed_lon1,wgs84_transformed_lat2,wgs84_transformed_lon2,distance_original_km,distance_method1_km,distance_method2_km,temperature
466940,基隆,基隆市仁愛區,25.135104,121.732242,25.133314,121.740475,25.135104,121.732242,-0.0035591704371341253,118.82202468304042,0.8523523554154604,0.8523523554154604,2812.6520530469297,16.9
466900,淡水,新北市淡水區,25.166664,121.440672,25.164889,121.448906,25.166664,121.440672,-0.0035588851661696075,118.82202206561807,0.8518537871195706,0.8518537871195706,2812.8179473535124,15.3
466881,新北,新北市新店區,24.96099,121.516977,24.959207,121.525196,24.96099,121.516977,-0.0035607439587829206,118.82202275057594,0.8519437739333181,0.8519437739333181,2790.923430644406,15.3
466930,陽明山,臺北市北投區,25.163858,121.536313,25.162078,121.544547,25.163858,121.536313,-0.0035589105409096753,118.82202292418805,0.8520013372025751,0.8520013372025751,2813.558318823582,11.2
466910,鞍部,臺北市北投區,25.184365,121.521495,25.182586,121.529731,25.184365,121.521495,-0.003558725206349312,118.82202279116997,0.8520356815101336,0.8520356815101336,2815.6594524376014,9.3
467571,新竹,新竹縣竹北市,24.830335,121.006343,24.828575,121.01445,24.830335,121.006343,-0.0035619246715450094,118.82201816658738,0.8412094286955212,0.8412094286955212,2771.26911259932,16.0
467490,臺中,臺中市北區,24.147494,120.675919,24.145736,120.684075,24.147494,120.675919,-0.003568095798412351,118.82201520025748,0.8503274555496521,0.8503274555496521,2692.773905126211,17.8
C0FA30,梧棲,臺中市梧棲區,24.257753,120.515211,24.256003,120.523381,24.257753,120.515211,-0.003567099305869075,118.82201375759752,0.8508085300708267,0.8508085300708267,2703.766720651245,16.5
467350,澎湖,澎湖縣馬公市,23.56722,119.554987,23.565503,119.563094,23.56722,119.554987,-0.00357333984712093,118.82200513754424,0.8480442974947535,0.8480442974947535,2621.983095626727,19.1
467650,日月潭,南投縣魚池鄉,23.883099,120.899911,23.881325,120.90805,23.883099,120.899911,-0.0035704853064151745,118.82201721099388,0.8507136352122825,0.8507136352122825,2665.397864267183,16.4
467530,阿里山,嘉義縣阿里山鄉,23.509984,120.805129,23.508208,120.813242,23.509984,120.805129,-0.003573857320528021,118.82201636007474,0.8504903385071785,0.8504903385071785,2623.219712395688,7.5
467550,玉山,南投縣信義鄉,23.488964,120.951318,23.48718,120.95943,23.488964,120.951318,-0.0035740473126259767,118.82201767241177,0.850726511546567,0.850726511546567,2622.233023212264,0.2
467480,嘉義,嘉義市西區,23.497684,120.424796,23.495925,120.432906,23.497684,120.424796,-0.003573968420212183,118.82201294581886,0.8498307934759542,0.8498307934759542,2618.810075599231,17.6
467410,臺南,臺南市中西區,22.995039,120.196846,22.99328,120.20492,22.995039,120.196846,-0.00357851104101829,118.8220108994282,0.8492832813532755,0.8492832813532755,2561.5029105916874,18.5
467441,高雄,高雄市楠梓區,22.732201,120.304459,22.730432,120.312516,22.732201,120.304459,-0.0035808864587593466,118.82201186542916,0.8494006317492532,0.8494006317492532,2533.0467013112248,18.9
467590,恆春,屏東縣恆春鎮,22.0057,120.738326,22.003897,120.746339,22.0057,120.738326,-0.003587452287079275,118.82201576014162,0.8500770576443551,0.8500770576443551,2455.995001133087,21.7
467080,宜蘭,宜蘭縣宜蘭市,24.765773,121.748322,24.763975,121.756528,24.765773,121.748322,-0.0035625082713070895,118.82202482733146,0.8523302143584894,0.8523302143584894,2772.0767792673073,16.5
466990,花蓮,花蓮縣花蓮市,23.976933,121.605126,23.975128,121.613275,23.976933,121.605126,-0.003569637395269551,118.82202354173248,0.8519227706779725,0.8519227706779725,2683.253371636274,17.5
467610,成功,臺東縣成功鎮,23.099296,121.36534,23.097486,121.373428,23.099296,121.36534,-0.003577569007084089,118.82202138902964,0.8513772872547126,0.8513772872547126,2583.4874954769425,19.2
467660,臺東,臺東縣臺東市,22.754017,121.146522,22.752211,121.154586,22.754017,121.146522,-0.0035806894330411717,118.82201942464232,0.8509322844323527,0.8509322844323527,2542.88452270981,19.2
467540,大武,臺東縣大武鄉,22.357523,120.895703,22.35572,120.90374,22.357523,120.895703,-0.0035842727097286646,118.8220171729734,0.8504682629543897,0.8504682629543897,2496.443466141143,21.2
467620,蘭嶼,臺東縣蘭嶼鄉,22.038737,121.55041,22.0369,121.55843,22.038737,121.55041,-0.0035871538466643953,118.82202305023478,0.8514901262124571,0.8514901262124571,2468.6728164595465,18.8
466950,彭佳嶼,基隆市中正區,25.629774,122.071474,25.627975,122.079744,25.629774,122.071474,-0.003554699908403821,118.82202772840962,0.8528991888563763,0.8528991888563763,2871.479727849174,15.5
467300,東吉島,澎湖縣望安鄉,23.258999,119.659533,23.25727,119.66762,23.258999,119.659533,-0.0035761254135354644,118.82200607600537,0.8482324485774169,0.8482324485774169,2588.1017951486797,20.0
469020,南沙島,高雄市旗津區,10.372116,114.356938,10.370203,114.364286,10.372116,114.356938,-0.0036925898463443753,118.82195847247168,0.8313843918845989,0.8313843918845989,1254.4398641225166,-99.0
468100,東沙島,高雄市旗津區,20.70252,116.722116,20.700856,116.73,20.70252,116.722116,-0.0035992291339545105,118.82197970636705,0.840672701241261,0.840672701241261,2313.4391289080445,21.5
467420,永康,臺南市永康區,23.040146,120.228623,23.038386,120.2367,23.040146,120.228623,-0.003578103391337395,118.82201118469794,0.8493386951774828,0.8493386951774828,2566.7113751483416,18.6
C2W030,金門(東),金門縣金湖鎮,24.450074,118.443627,24.448431,118.451786,24.450074,118.443627,-0.0035653608677591363,118.82199516099412,0.8458509901254291,0.8458509901254291,2719.2304083543054,13.1
466920,臺北,臺北市中正區,25.039439,121.506628,25.037658,121.514853,25.039439,121.506628,-0.0035600349737056956,118.82202265768545,0.8519656222874659,0.8519656222874659,2799.4774823061484,16.1
A0G720,彰師大,彰化縣彰化市,24.08314,120.548508,24.081389,120.556667,24.08314,120.548508,-0.0035686773774964574,118.82201405647707,0.8508504144499255,0.8508504144499255,2684.649274704229,17.5
A0Z080,合歡山,花蓮縣秀林鄉,24.144972,121.276071,24.143186,121.284231,24.144972,121.276071,-0.003568118688270922,118.8220205878288,0.8514592358310136,0.8514592358310136,2698.087291891497,-99.0
A0W080,吉貝,澎湖縣白沙鄉,23.741712,119.596041,23.740011,119.604189,23.741712,119.596041,-0.003571762881092223,118.82200550611452,0.8506400504938464,0.8506400504938464,2641.5152766438323,-99.0
467110,金門,金門縣金城鎮,24.408942,118.281127,24.407306,118.289281,24.408942,118.281127,-0.0035657325721635594,118.82199370222307,0.8454518065995753,0.8454518065995753,2714.9717870446366,12.9
467990,馬祖,連江縣南竿鄉,26.171145,119.914855,26.169467,119.923158,26.171145,119.914855,-0.0035498069148132173,118.82200836850186,0.8493540611975934,0.8493540611975934,2912.6997599432184,10.8
A0K420,麥寮,雲林縣麥寮鄉,23.800517,120.209572,23.798783,120.217717,23.800517,120.209572,-0.0035712315299346957,118.82201101379908,0.8508012328005229,0.8508012328005229,2650.9829800359726,17.8
467050,新屋,桃園市新屋區,25.008484,121.039271,25.006725,121.047492,25.008484,121.039271,-0.0035603146540190726,118.82201846221109,0.8512113507838828,0.8512113507838828,2791.2995781201757,15.7
A2K570,古坑(花卉中心),雲林縣古坑鄉,23.6353,120.54428,23.63353,120.55239,23.6353,120.54428,-0.0035727247340009045,118.82201401845029,0.8492707708719965,0.8492707708719965,2634.9562875239776,16.9
CAAH60,大安森林,臺北市大安區,25.031331,121.528056,25.02955,121.53628,25.031331,121.528056,-0.0035601082532856205,118.82202285004357,0.8519208972816577,0.8519208972816577,2798.8208656439383,15.2
CAHA00,消防署訓練中心,南投縣竹山鎮,23.82313,120.7148,23.82137,120.72293,23.82313,120.7148,-0.0035710272466770473,118.82201554924056,0.8498358252346648,0.8498358252346648,2657.1415253789696,16.7
467270,田中,彰化縣田中鎮,23.875561,120.573149,23.873803,120.581286,23.875561,120.573149,-0.0035705533781813575,118.82201427764626,0.8501518061979552,0.8501518061979552,2661.818871336832,17.1
CAC040,拉拉山,桃園市復興區,24.7011,121.418933,24.699317,121.427133,24.7011,121.418933,-0.0035630927006362616,118.82202187039204,0.8517700666734537,0.8517700666734537,2761.11398959517,6.8
CAW010,東引,連江縣東引鄉,26.360539,120.475308,26.358836,120.483631,26.360539,120.475308,-0.0035480953559584197,118.82201339972556,0.8505951777622031,0.8505951777622031,2936.764523585662,12.1
CAP070,高雄燈塔,高雄市旗津區,22.616364,120.256631,22.614594,120.26468,22.616364,120.256631,-0.003581933328714856,118.82201143605796,0.8493067843002983,0.8493067843002983,2519.86931022044,19.7
A0F010,武陵,臺中市和平區,24.354609,121.300112,24.352825,121.308286,24.354609,121.300112,-0.0035662240962777646,118.82202080367883,0.8514606149950364,0.8514606149950364,2721.525098223745,10.1
467280,後龍,苗栗縣造橋鄉,24.650318,120.823641,24.648563,120.831834,24.650318,120.823641,-0.0035635515468642426,118.82201652644042,0.850690464079099,0.850690464079099,2749.719025483444,16.4
467290,古坑,雲林縣古坑鄉,23.635401,120.543769,23.633639,120.551889,23.635401,120.543769,-0.0035727238211298545,118.82201401386305,0.8500556362586046,0.8500556362586046,2634.964539439691,17.0
C2C410,中央大學,桃園市中壢區,24.969417,121.176946,24.967652,121.185165,24.969417,121.176946,-0.0035606677446173274,118.82201969811491,0.8514249542255388,0.8514249542255388,2788.2843144182134,15.0
A0A460,文化大學,臺北市士林區,25.137855,121.531657,25.13605,121.53987,25.137855,121.531657,-0.003559145542454484,118.8220228823869,0.8507686997450215,0.8507686997450215,2810.6297806209195,12.5
A0A010,臺灣大學,臺北市大安區,25.01606,121.531193,25.014278,121.539416,25.01606,121.531193,-0.003560246265565979,118.822022878202,0.8519490212212881,0.8519490212212881,2797.168500505048,15.8
72S200,班鳩分場,臺東縣卑南鄉,22.831307,121.069619,22.829528,121.077694,22.831307,121.069619,-0.003579990911643934,118.82201873429558,0.8508693667535349,0.8508693667535349,2550.6253462406617,17.1
72S590,賓朗果園,臺東縣卑南鄉,22.815668,121.063204,22.813889,121.071278,22.815668,121.063204,-0.003580132248178135,118.82201867670555,0.8508621377577611,0.8508621377577611,2548.8289211679034,17.5
82S580,臺東茶改,臺東縣鹿野鄉,22.909476,121.12206,22.907694,121.130139,22.909476,121.12206,-0.0035792844672500306,118.82201920507164,0.8508824353198727,0.8508824353198727,2559.819600748301,17.0
U2H480,臺大溪頭,南投縣鹿谷鄉,23.672071,120.790065,23.670306,120.798194,23.672071,120.790065,-0.00357239245566693,118.82201622487109,0.8507988306276593,0.8507988306276593,2641.0446983831853,14.1
72G600,臺中農改,彰化縣大村鄉,24.004779,120.526236,24.003028,120.534389,24.004779,120.526236,-0.0035693855619823352,118.82201385652844,0.8507492296525236,0.8507492296525236,2675.793062128428,17.4
72K220,雲林分場,雲林縣斗南鎮,23.636304,120.469202,23.634556,120.477333,23.636304,120.469202,-0.0035727156481738637,118.82201334447433,0.8507834543820099,0.8507834543820099,2634.5080064267904,17.5
72N100,臺南農改,臺南市新化區,23.062242,120.334096,23.0605,120.342194,23.062242,120.334096,-0.0035779037156805963,118.82201213153391,0.8508395849870479,0.8508395849870479,2569.8696860069977,18.1
72V140,旗南農改,高雄市旗山區,22.859612,120.508583,22.857861,120.516667,22.859612,120.508583,-0.003579735014037722,118.82201369787322,0.8508808740042878,0.8508808740042878,2548.6773149691094,18.6
72Q010,高雄農改,屏東縣長治鄉,22.711084,120.517814,22.709333,120.525889,22.711084,120.517814,-0.003581077338392082,118.82201378071613,0.8508606736519306,0.8508606736519306,2532.2823457783884,20.8
B2E890,新竹畜試,苗栗縣西湖鄉,24.529569,120.762788,24.527806,120.770972,24.529569,120.762788,-0.0035646428069526065,118.82201598014292,0.8507864579761449,0.8507864579761449,2735.8283442643965,15.9
72C440,桃園農改,桃園市新屋區,24.952721,121.022375,24.950944,121.030583,24.952721,121.022375,-0.0035608186097927327,118.82201831052652,0.8507641795138529,0.8507641795138529,2784.9673921200365,15.9
72D080,五峰站,新竹縣五峰鄉,24.613978,121.148983,24.612194,121.157167,24.613978,121.148983,-0.00356388002259275,118.82201944703364,0.850785492014097,0.850785492014097,2748.6721495661623,10.9
82C160,茶改場,桃園市楊梅區,24.910258,121.17713,24.908472,121.185333,24.910258,121.17713,-0.003561202394533081,118.82201969975718,0.8507841123477516,0.8507841123477516,2781.7367964282407,14.4
A2C560,農工中心,桃園市中壢區,24.987706,121.231626,24.985917,121.239833,24.987706,121.231626,-0.003560502466508246,118.82202018898086,0.8507483875849701,0.8507483875849701,2790.847477478469,15.3
82A750,文山茶改,新北市石碇區,24.957588,121.623022,24.955778,121.631222,24.957588,121.623022,-0.0035607747215640633,118.82202370254265,0.8508085942619111,0.8508085942619111,2791.756086627947,12.2
72U480,蘭陽分場,宜蘭縣三星鄉,24.688121,121.708402,24.686306,121.716583,24.688121,121.708402,-0.0035632100453468108,118.82202446895663,0.8508243137457226,0.8508243137457226,2763.0163019670995,15.7
K2E360,苗栗農改,苗栗縣公館鄉,24.497488,120.82093,24.495722,120.829111,24.497488,120.82093,-0.0035649327486408236,118.82201650207918,0.8507737280936941,0.8507737280936941,2732.760995826328,15.4
K2E710,大湖分場,苗栗縣大湖鄉,24.42463,120.863657,24.422861,120.871833,24.42463,120.863657,-0.0035655912102598975,118.8220168856283,0.8508242837483044,0.8508242837483044,2725.0572638088684,13.9
K2F750,種苗繁殖,臺中市新社區,24.227737,120.792753,24.225972,120.800917,24.227737,120.792753,-0.0035673706206622866,118.82201624909058,0.8507897344087935,0.8507897344087935,2702.632533046857,13.8
82H840,凍頂茶改,南投縣鹿谷鄉,23.76429,120.732364,23.762528,120.7405,23.76429,120.732364,-0.0035715590164436244,118.82201570690333,0.8508457090398653,0.8508457090398653,2650.7681096323245,15.1
82H320,魚池茶改,南投縣魚池鄉,23.877382,120.905442,23.875611,120.913583,23.877382,120.905442,-0.0035705369747399875,118.8220172606448,0.8508697353017457,0.8508697353017457,2664.815541775695,16.3
U2HA50,臺大竹山,南投縣竹山鎮,23.758731,120.67342,23.756972,120.681556,23.758731,120.67342,-0.0035716092463915572,118.82201517776144,0.8508033653007413,0.8508033653007413,2649.663030752239,-99.0
G2L020,嘉義農試,嘉義市東區,23.486776,120.465684,23.485028,120.473806,23.486776,120.465684,-0.003574067007967947,118.82201331286916,0.8508080930106269,0.8508080930106269,2617.8986920569214,17.0
72M360,義竹分場,嘉義縣義竹鄉,23.362432,120.271244,23.360694,120.279361,23.362432,120.271244,-0.003575190736231996,118.82201156735897,0.8508164454285394,0.8508164454285394,2602.754593365386,17.3
B2N890,畜試所,臺南市新化區,23.060713,120.328308,23.058972,120.336406,23.060713,120.328308,-0.0035779175330905673,118.8220120795747,0.8508234399562201,0.8508234399562201,2569.6602209620187,17.8
G2P820,鳳山農試,高雄市鳳山區,22.648354,120.34801,22.646611,120.356083,22.648354,120.34801,-0.0035816442336797797,118.8220122563735,0.8508267554574543,0.8508267554574543,2524.0532235680917,19.3
B2Q810,恆春畜試,屏東縣恆春鎮,21.947348,120.794139,21.945583,120.802167,21.947348,120.794139,-0.0035879796527478517,118.82201626116621,0.8509259969851841,0.8509259969851841,2450.0597177118825,20.5
72T250,花蓮農改,花蓮縣吉安鄉,23.977028,121.555752,23.975222,121.563889,23.977028,121.555752,-0.003569636528703951,118.82202309850149,0.8507635819679393,0.8507635819679393,2682.6712981884616,16.6
E2H360,蓮華池,南投縣魚池鄉,23.920106,120.877136,23.918333,120.885278,23.920106,120.877136,-0.0035701508516969727,118.82201700654835,0.8507541075933657,0.8507541075933657,2669.2904385878146,17.7
72HA00,埔里分場,南投縣魚池鄉,23.904982,120.955222,23.903208,120.963364,23.904982,120.955222,-0.003570287547611278,118.82201770752486,0.8508741107880968,0.8508741107880968,2668.331344086239,18.0
U2HA30,臺大和社,南投縣信義鄉,23.592633,120.880744,23.590856,120.888864,23.592633,120.880744,-0.003573110391857781,118.8220170388848,0.8507042405237831,0.8507042405237831,2633.0544998207283,16.7
U2HA40,臺大內茅埔,南投縣信義鄉,23.691497,120.842992,23.689722,120.851117,23.691497,120.842992,-0.0035722169016324285,118.82201670000055,0.8505401311793883,0.8505401311793883,2643.662872207562,17.6
G2M350,溪口農場,嘉義縣溪口鄉,23.587406,120.399994,23.58565,120.408111,23.587406,120.399994,-0.0035731575529783584,118.82201272318542,0.8498993768864366,0.8498993768864366,2628.5865418885737,17.4
E2K600,四湖植物園,雲林縣四湖鄉,23.678718,120.155296,23.676986,120.163433,23.678718,120.155296,-0.0035723322804645957,118.82201052654324,0.8507122691104941,0.8507122691104941,2637.1363869802235,18.0
G2F820,農業試驗所,臺中市霧峰區,24.033022,120.679986,24.031261,120.688133,24.033022,120.679986,-0.003569130340587661,118.8220152367486,0.8502344518794882,0.8502344518794882,2680.1179864843066,17.7
72M700,嘉義分場,嘉義縣鹿草鄉,23.418608,120.274941,23.416869,120.283061,23.418608,120.274941,-0.0035746830458320603,118.82201160055602,0.8507977018982487,0.8507977018982487,2609.0122728354027,17.3
72N240,七股研究中心,臺南市七股區,23.083472,120.054792,23.081672,120.062894,23.083472,120.054792,-0.0035777118041218046,118.82200962422193,0.8526017740228321,0.8526017740228321,2570.4658374197306,18.7
42HA10,萬大發電廠,南投縣仁愛鄉,23.980611,121.131497,23.978875,121.139639,23.980611,121.131497,-0.0035696040785535843,118.82201928995983,0.8494320692340281,0.8494320692340281,2678.4171249374,16.4
12Q970,東港工作站,屏東縣東港鎮,22.481778,120.458017,22.479997,120.466058,22.481778,120.458017,-0.0035831496833031995,118.8220132438809,0.8495757378232847,0.8495757378232847,2506.389233995271,21.3
12J990,口湖工作站,雲林縣口湖鄉,23.591722,120.172281,23.589978,120.180394,23.591722,120.172281,-0.003573118510185581,118.8220106790038,0.8491704469974959,0.8491704469974959,2627.5796661438944,17.1
12Q980,恆春工作站,屏東縣車城鄉,22.081478,120.706406,22.079678,120.714425,22.081478,120.706406,-0.0035867674376868566,118.82201547360756,0.8501694685415622,0.8501694685415622,2464.097527497068,21.2
V2K610,大庄合作社,雲林縣二崙鄉,23.80855,120.359808,23.8068,120.367939,23.80855,120.359808,-0.0035711589559914362,118.82201236247074,0.8497698681512669,0.8497698681512669,2652.8428115049114,17.1
V2K620,麥寮合作社,雲林縣麥寮鄉,23.755583,120.286657,23.753836,120.294783,23.755583,120.286657,-0.0035716376337736003,118.82201170578486,0.8495262519740365,0.8495262519740365,2646.480756276316,-99.0
E2S980,太麻里(1),臺東縣太麻里鄉,22.600724,120.971991,22.598922,120.980044,22.600724,120.971991,-0.0035820747913246735,118.82201785785081,0.8506288331421636,0.8506288331421636,2524.1156171022003,18.6
E2S960,太麻里(2),臺東縣太麻里鄉,22.599802,120.9897,22.598,120.99775,22.599802,120.9897,-0.003582083126777853,118.82201801682456,0.850334912648052,0.850334912648052,2524.1916753435316,19.3
72AI40,桃改臺北,新北市樹林區,24.946279,121.378755,24.944503,121.386972,24.946279,121.378755,-0.003560876887155767,118.82202150975301,0.8516630968020299,0.8516630968020299,2787.787547861122,15.7
E2HA20,畢祿溪站,南投縣仁愛鄉,24.22873,121.300362,24.226944,121.308522,24.22873,121.300362,-0.0035673617286826375,118.82202080590282,0.8509308027851545,0.8509308027851545,2707.607726545228,8.8
A2N290,蘭花園區,臺南市後壁區,23.342018,120.371562,23.340258,120.379661,23.342018,120.371562,-0.003575375244164934,118.82201246791158,0.8497111436973981,0.8497111436973981,2601.165501642511,17.9
B2U990,宜蘭畜試,宜蘭縣五結鄉,24.670842,121.824362,24.669039,121.832561,24.670842,121.824362,-0.0035633662232235344,118.82202550992821,0.8523877621071091,0.8523877621071091,2762.547298448047,15.0
A2K630,雲林臺大,雲林縣虎尾鎮,23.732381,120.415777,23.730628,120.423903,23.732381,120.415777,-0.0035718473429427445,118.82201286489293,0.8498224745097019,0.8498224745097019,2644.7798566217307,17.0
E2P980,六龜林試,高雄市六龜區,22.993482,120.637645,22.991703,120.645722,22.993482,120.637645,-0.003578525183884652,118.82201485648588,0.8501061844519011,0.8501061844519011,2564.5523792845106,19.9
E2P990,扇平林試,高雄市茂林區,22.969481,120.677627,22.9677,120.685703,22.969481,120.677627,-0.003578742099575651,118.8220152154009,0.8502012470089599,0.8502012470089599,2562.2286899941882,-99.0
A2K360,臺西水試,雲林縣臺西鄉,23.718974,120.182399,23.717231,120.190522,23.718974,120.182399,-0.003571968470971929,118.82201076985366,0.849353555474103,0.849353555474103,2641.7656800596305,-99.0
V2C250,八德合作社,桃園市八德區,24.939471,121.258178,24.93775,121.266389,24.939471,121.258178,-0.0035609383949682053,118.82202042733074,0.8497208014158243,0.8497208014158243,2785.786423706649,-99.0
V2C260,八德蔬果,桃園市八德區,24.980279,121.27356,24.978508,121.281819,24.980279,121.27356,-0.00356056959486815,118.8220205654217,0.8554307979822,0.8554307979822,2790.4523469495007,15.4
72D680,新埔工作站,新竹縣新埔鎮,24.836,121.058,24.834444,121.066111,24.836,121.058,-0.0035618734824369867,118.8220186303138,0.8365808648959184,0.8365808648959184,2772.397718066614,15.8
G2AI50,台農院關渡站,臺北市北投區,25.117528,121.483769,25.11575,121.492,25.117528,121.483769,-0.003559329240104348,118.82202245249248,0.8519618321421176,0.8519618321421176,2807.855562271413,16.9
CAH030,茶改場竹圍站,南投縣名間鄉,23.861844,120.629392,23.86008,120.6375,23.861844,120.629392,-0.00357067735478267,118.82201478253813,0.847521515319296,0.847521515319296,2660.736964425401,15.2
CAN130,水試所海水繁養殖中心,臺南市七股區,23.122553,120.071594,23.120802,120.079676,23.122553,120.071594,-0.0035773586120310483,118.82200977506,0.8491134242878355,0.8491134242878355,2574.905391138609,18.4
CAL110,布袋國中,嘉義縣布袋鎮,23.360676,120.17216,23.35893,120.18026,23.360676,120.17216,-0.003575206590031774,118.82201067788044,0.8493401296753758,0.8493401296753758,2601.933104442842,17.3
CAG100,王功漁港,彰化縣芳苑鄉,23.969984,120.317718,23.96824,120.32586,23.969984,120.317718,-0.003569699988246436,118.82201198465427,0.8497011193703466,0.8497011193703466,2670.474697585545,-99.0
CAJ050,海口故事園區,雲林縣口湖鄉,23.577174,120.133097,23.57543,120.14121,23.577174,120.133097,-0.003573249981487173,118.82201032724622,0.8492596688755276,0.8492596688755276,2625.731937264323,-99.0
CAN140,六官養殖協會,臺南市六甲區,23.230568,120.29153,23.22881,120.29962,23.230568,120.29153,-0.0035763824613579236,118.82201174944545,0.849438905195173,0.849438905195173,2588.254294186263,18.1
CAQ030,崎峰國小,屏東縣林邊鄉,22.427434,120.487171,22.42565,120.49521,22.427434,120.487171,-0.0035836408223177216,118.82201350558795,0.8497686311135453,0.8497686311135453,2500.589918961869,-99.0
C2M960,外寮,嘉義縣梅山鄉,23.564411,120.657572,23.562643,120.665688,23.564411,120.657572,-0.003573365412208004,118.82201503546254,0.8502487491655634,0.8502487491655634,2627.9948299146677,16.1
C2M970,碧湖,嘉義縣梅山鄉,23.570397,120.616047,23.568632,120.624165,23.570397,120.616047,-0.003573311306959118,118.82201466269308,0.8503333254556535,0.8503333254556535,2628.322882883265,16.8
C2R170,屏東,屏東縣屏東市,22.662048,120.485974,22.660269,120.494027,22.662048,120.485974,-0.0035815204964283758,118.8220134948802,0.8496713084068176,0.8496713084068176,2526.5935730717556,20.6
C2V310,美濃,高雄市美濃區,22.900567,120.511,22.898792,120.51907,22.900567,120.511,-0.003579364883325492,118.82201371957723,0.8498576664722978,0.8498576664722978,2553.2341475468506,20.0
C2M980,安和,嘉義縣新港鄉,23.515523,120.30782,23.51377,120.31593,23.515523,120.30782,-0.0035738071811605454,118.82201189572676,0.8495684752451901,0.8495684752451901,2619.9812221195675,17.2
C2M990,大巃頂,嘉義縣梅山鄉,23.556466,120.606275,23.5547,120.61439,23.556466,120.606275,-0.0035734372068868436,118.82201457496748,0.8501468433773983,0.8501468433773983,2626.7005218575578,16.5
C2N170,茅港尾,臺南市下營區,23.207857,120.254311,23.2061,120.2624,23.207857,120.254311,-0.003576587706147898,118.8220114153264,0.8494506666792107,0.8494506666792107,2585.489146134341,17.9
C2R980,竹田國中,屏東縣竹田鄉,22.617101,120.516069,22.61532,120.52412,22.617101,120.516069,-0.003581926710140863,118.82201376503616,0.8497864256907806,0.8497864256907806,2521.845683897321,21.3
C2R990,泰武,屏東縣泰武鄉,22.608649,120.689598,22.60686,120.69765,22.608649,120.689598,-0.0035820031232894375,118.8220153228067,0.8501433622534915,0.8501433622534915,2522.3500461976078,16.0
C2TA60,六十石,花蓮縣富里鄉,23.226575,121.310513,23.22477,121.31861,23.226575,121.310513,-0.003576418713320726,118.82202089686746,0.8513760773878686,0.8513760773878686,2596.928576277842,11.7
C2TA70,赤科坪,花蓮縣玉里鎮,23.400655,121.383571,23.39885,121.39168,23.400655,121.383571,-0.003574845475916848,118.82202155273798,0.8515141048199427,0.8515141048199427,2616.9942752196857,12.0
C2UC10,出水溪,宜蘭縣大同鄉,24.617617,121.644058,24.615822,121.652253,24.617617,121.644058,-0.0035638472153271135,118.82202389132846,0.8521291525636295,0.8521291525636295,2754.4609106102457,11.7
C2UC20,長嶺,宜蘭縣員山鄉,24.710732,121.603419,24.70894,121.61162,24.710732,121.603419,-0.003563005681260699,118.82202352652662,0.8520395151629964,0.8520395151629964,2764.264586261091,12.3
C2E980,和興,苗栗縣獅潭鄉,24.507081,120.914833,24.505319,120.923016,24.507081,120.914833,-0.0035648460670516533,118.82201734504909,0.8508066141945214,0.8508066141945214,2734.6427158767156,11.4
C2E990,新坪頂,苗栗縣卓蘭鎮,24.303773,120.849231,24.30201,120.8574,24.303773,120.849231,-0.003566683453922469,118.82201675610649,0.8507497632627726,0.8507497632627726,2711.5433866240337,12.5
C2H9Y0,松茗,南投縣名間鄉,23.818463,120.642632,23.8167,120.650765,23.818463,120.642632,-0.003571069413025378,118.82201490138682,0.850238602512783,0.850238602512783,2656.0340964543675,14.8
C2RA10,大新,屏東縣內埔鄉,22.677362,120.569824,22.67558,120.57788,22.677362,120.569824,-0.0035813821096406335,118.82201424760513,0.849958657905277,0.849958657905277,2528.956866522836,20.1
C2TA90,加納納,花蓮縣瑞穗鄉,23.468223,121.351754,23.466421,121.359867,23.468223,121.351754,-0.003574234824474723,118.82202126712724,0.8514210653622661,0.8514210653622661,2624.099255531911,15.7
C2TB30,吉安,花蓮縣吉安鄉,23.947182,121.539883,23.94538,121.54803,23.947182,121.539883,-0.0035699062595711695,118.82202295604051,0.8518324081735825,0.8518324081735825,2679.1875835245546,16.3
C2K290,崙內,雲林縣土庫鎮,23.697001,120.347887,23.69525,120.35601,23.697001,120.347887,-0.0035721670789399715,118.82201225543791,0.8496925736040355,0.8496925736040355,2640.38581398915,17.2
C2K300,鹿南,雲林縣元長鄉,23.640303,120.355481,23.63855,120.3636,23.640303,120.355481,-0.003572679488749135,118.82201232360019,0.8496962128929328,0.8496962128929328,2634.1467396991657,17.3
C2K250,崙背,雲林縣崙背鄉,23.757278,120.310803,23.75553,120.31893,23.757278,120.310803,-0.003571622319112874,118.82201192254404,0.8496402798051526,0.8496402798051526,2646.8265209636993,16.9
C2K280,四湖,雲林縣四湖鄉,23.632147,120.219053,23.6304,120.22717,23.632147,120.219053,-0.003572753176542592,118.82201109888311,0.8493952050415465,0.8493952050415465,2632.352682931257,17.3
C2X060,下營,臺南市下營區,23.228563,120.248201,23.226806,120.256291,23.228563,120.248201,-0.0035764005745352063,118.82201136048018,0.8494254025227866,0.8494254025227866,2587.7472293114247,17.7
C2S9B0,利吉,臺東縣卑南鄉,22.864264,121.146788,22.86246,121.15486,22.864264,121.146788,-0.003579693075032887,118.82201942704792,0.851026409634953,0.851026409634953,2555.0793592147047,17.3
C2S9A0,北份子寮,臺東縣卑南鄉,22.787412,121.070064,22.78561,121.07813,22.787412,121.070064,-0.0035803876130925086,118.8220187382833,0.8508300977530536,0.8508300977530536,2545.771464615895,18.6
C2SD50,順那,臺東縣東河鄉,23.043467,121.285235,23.04166,121.29332,23.043467,121.285235,-0.003578073549084385,118.8220206699171,0.8513338809035487,0.8513338809035487,2576.407045314024,17.5
C2SD70,二層坪,臺東縣鹿野鄉,22.942853,121.160303,22.94105,121.16838,22.942853,121.160303,-0.003578982828574271,118.82201954838489,0.8510321592703435,0.8510321592703435,2563.9149123931124,16.8
C2SD60,明峰,臺東縣卑南鄉,22.868903,121.110178,22.8671,121.11825,22.868903,121.110178,-0.003579651144101272,118.82201909840026,0.8509727602320225,0.8509727602320225,2555.204503850127,16.1
C2SD80,再來山,臺東縣長濱鄉,23.345518,121.433115,23.34371,121.44122,23.345518,121.433115,-0.003575343784981345,118.8220219974862,0.8515304686810765,0.8515304686810765,2611.4764306504158,17.4
C2TB80,庄子底,花蓮縣鳳林鎮,23.719744,121.486249,23.71794,121.49438,23.719744,121.486249,-0.0035719617234350417,118.82202247453088,0.8517138899012139,0.8517138899012139,2653.4356763749033,16.4
C2TB90,長橋,花蓮縣鳳林鎮,23.689203,121.453731,23.6874,121.46186,23.689203,121.453731,-0.003572237732670707,118.82202218261152,0.8516780719486313,0.8516780719486313,2649.6826720076097,16.1
C2TB50,麻汝,花蓮縣玉里鎮,23.427345,121.38547,23.42554,121.39358,23.427345,121.38547,-0.0035746042651583483,118.82202156978961,0.8514510606935688,0.8514510606935688,2619.965045795846,15.3
C2TB70,達谷寮,花蓮縣玉里鎮,23.381804,121.351573,23.38,121.35968,23.381804,121.351573,-0.003575015836777274,118.82202126548852,0.8514039746704439,0.8514039746704439,2614.546811491244,16.1
C2TB60,南安,花蓮縣卓溪鄉,23.299981,121.253469,23.29818,121.26157,23.299981,121.253469,-0.003575755296822067,118.82202038479458,0.8512255843840374,0.8512255843840374,2604.4110334997195,16.8
C2H9X0,福盛,南投縣中寮鄉,23.8953,120.83263,23.89353,120.84077,23.8953,120.83263,-0.0035703750288854814,118.82201660701347,0.8506335796938903,0.8506335796938903,2666.146792010845,-99.0
C2G9C0,埔南,彰化縣埔鹽鄉,23.992991,120.461546,23.99124,120.46969,23.992991,120.461546,-0.0035694920856315366,118.82201327580367,0.8499330708898691,0.8499330708898691,2674.0130052225727,17.1
C2G9E0,移民庄,彰化縣二林鎮,23.980148,120.394687,23.9784,120.40283,23.980148,120.394687,-0.0035696081434991134,118.82201267560755,0.8498381295253524,0.8498381295253524,2672.118979720857,17.3
C2K310,港尾布雞,雲林縣崙背鄉,23.750092,120.376263,23.74834,120.38439,23.750092,120.376263,-0.003571687273249392,118.82201251017813,0.8497865890751491,0.8497865890751491,2646.469456963277,17.0
C2M9A0,大華,嘉義縣竹崎鄉,23.484171,120.6668,23.4824,120.67491,23.484171,120.6668,-0.0035740905832759135,118.8220151182895,0.8502213933447451,0.8502213933447451,2619.1770745093136,17.1
C2M9D0,何竹子腳,嘉義縣民雄鄉,23.538166,120.373918,23.53641,120.38203,23.538166,120.373918,-0.003573602555601694,118.82201248909296,0.849705066139505,0.849705066139505,2622.942051971074,17.4
C2M9C0,紫雲,嘉義縣竹崎鄉,23.496678,120.532142,23.494914,120.540253,23.496678,120.532142,-0.0035739775293455976,118.82201390946504,0.8500643064734347,0.8500643064734347,2619.4936590178067,17.0
C2M9E0,旺來山,嘉義縣民雄鄉,23.556913,120.478349,23.555153,120.486463,23.556913,120.478349,-0.0035734331463842224,118.8220134265743,0.8498910394146162,0.8498910394146162,2625.769086339792,16.5
C2M9B0,西興,嘉義縣大埔鄉,23.244571,120.568077,23.2428,120.57617,23.244571,120.568077,-0.00357625595397925,118.82201423201346,0.8499865578660134,0.8499865578660134,2591.820920103776,18.7
C2N190,烏樹,臺南市後壁區,23.32569,120.361793,23.32393,120.36989,23.32569,120.361793,-0.00357552280699738,118.82201238021254,0.8496113353951099,0.8496113353951099,2599.2860523032286,17.8
C2N180,鹿陶洋,臺南市楠西區,23.145019,120.475434,23.14325,120.48352,23.145019,120.475434,-0.0035771556408687754,118.82201340034011,0.8498378570217815,0.8498378570217815,2580.068393658536,18.4
C2V920,匏子寮,高雄市甲仙區,23.050824,120.54511,23.04905,120.55319,23.050824,120.54511,-0.003578006940148317,118.82201402580729,0.8499336240748967,0.8499336240748967,2570.1600348178567,20.1
C2V580,瑞山,高雄市內門區,22.904811,120.42617,22.90304,120.43424,22.904811,120.42617,-0.0035793265143911636,118.82201295805801,0.8497293071239822,0.8497293071239822,2553.0620495738603,17.6
C2R9A0,高士國小,屏東縣牡丹鄉,22.127335,120.838508,22.12553,120.84653,22.127335,120.838508,-0.0035863530261467185,118.82201665949617,0.8503398839324353,0.8503398839324353,2470.406632038656,19.7
C2M530,奮起湖,嘉義縣竹崎鄉,23.495674,120.691142,23.493903,120.699253,23.495674,120.691142,-0.003573986628777353,118.82201533680977,0.8502503980096324,0.8502503980096324,2620.6540152158036,14.8
C2M810,里佳,嘉義縣阿里山鄉,23.390899,120.708543,23.389125,120.716647,23.390899,120.708543,-0.0035749335364078354,118.82201549300193,0.8502710467923029,0.8502710467923029,2609.1893906046125,14.8
C2C590,觀音,桃園市觀音區,25.028835,121.145094,25.027072,121.153317,25.028835,121.145094,-0.0035601307488564043,118.82201941218867,0.8513761459761969,0.8513761459761969,2794.5507661501047,15.4
C2E420,竹南,苗栗縣竹南鎮,24.710737,120.880772,24.70898,120.88897,24.710737,120.880772,-0.0035630055189777967,118.8220170393158,0.8508426773507418,0.8508426773507418,2756.9030102816355,16.3
C2E430,南庄,苗栗縣南庄鄉,24.603539,120.992023,24.601775,121.000214,24.603539,120.992023,-0.003563974339695728,118.82201803800015,0.8510254576037863,0.8510254576037863,2746.0240068526964,14.7
C2W230,畜試所澎湖,澎湖縣西嶼鄉,23.630055,119.505094,23.628342,119.513206,23.630055,119.505094,-0.003572771967276853,118.82200468966427,0.848054966655277,0.848054966655277,2628.8083688732563,18.4
C2E880,三義,苗栗縣三義鄉,24.407236,120.741644,24.405478,120.749819,24.407236,120.741644,-0.003565748388886438,118.82201579031333,0.8505547794896773,0.8505547794896773,2722.097051023206,12.1
C2FA00,烏石坑,臺中市和平區,24.275269,120.939447,24.273503,120.947617,24.275269,120.939447,-0.0035669410736464645,118.82201756597202,0.8511061926807141,0.8511061926807141,2709.1901957437885,15.6
C2F9A0,中竹林,臺中市太平區,24.105556,120.743333,24.103556,120.751061,24.105556,120.743333,-0.0035684748243121752,118.82201580542701,0.815300525155382,0.815300525155382,2688.6476223679015,15.0
C2G840,北斗,彰化縣北斗鎮,23.879222,120.506528,23.877586,120.514222,23.879222,120.506528,-0.0035705202810696417,118.82201367958933,0.8031782296996869,0.8031782296996869,2661.7322401362867,16.7
C2H950,中寮,南投縣中寮鄉,23.886278,120.758528,23.884447,120.766406,23.886278,120.758528,-0.0035704565532642344,118.82201594179747,0.8264424404376896,0.8264424404376896,2664.496982918246,16.2
C2I090,鳳凰,南投縣鹿谷鄉,23.729722,120.779167,23.728081,120.787347,23.729722,120.779167,-0.0035718714325765574,118.82201612704885,0.8524374686456403,0.8524374686456403,2647.3513297089085,16.0
C2F860,梨山,臺中市和平區,24.245,121.237667,24.247522,121.243669,24.245,121.237667,-0.003567214678280552,118.82202024309169,0.6700300348331019,0.6700300348331019,2709.20082157441,9.1
C2K240,草嶺,雲林縣古坑鄉,23.597319,120.685342,23.59555,120.693461,23.597319,120.685342,-0.003573068010424897,118.82201528475946,0.8503701480383191,0.8503701480383191,2631.8706165171593,16.0
C2E520,大湖,苗栗縣大湖鄉,24.4167,120.862694,24.414939,120.870872,24.4167,120.862694,-0.0035656628775354612,118.82201687698215,0.8508667267127439,0.8508667267127439,2724.171276713052,13.8
C2F000,大肚,臺中市大肚區,24.154667,120.564,24.15295,120.572117,24.154667,120.564,-0.003568030954235251,118.82201419556041,0.8453904166777596,0.8453904166777596,2692.7008638858715,14.9
C2E540,龍溪,苗栗縣後龍鎮,24.608056,120.775556,24.606489,120.783933,24.608056,120.775556,-0.003563933482199096,118.82201609477401,0.8646249010637816,0.8646249010637816,2744.655332099492,15.5
C2F930,大甲,臺中市大甲區,24.349917,120.632361,24.347667,120.640403,24.349917,120.632361,-0.003566266392047758,118.8220148092693,0.8522407639249995,0.8522407639249995,2714.8136992462573,16.1
C2G870,芳苑,彰化縣芳苑鄉,23.924,120.311861,23.922303,120.320025,23.924,120.311861,-0.003570115568024065,118.82201193206852,0.8509913311606272,0.8509913311606272,2665.3391938741765,17.4
C2G640,鹿港,彰化縣鹿港鎮,24.076944,120.422222,24.0753,120.430481,24.076944,120.422222,-0.0035687333534231555,118.8220129228051,0.8581620043110757,0.8581620043110757,2683.0601115370882,17.0
C2M910,嘉義大學,嘉義市東區,23.473087,120.477795,23.471325,120.485903,23.473087,120.477795,-0.003574190724366148,118.82201342158757,0.8498592663884529,0.8498592663884529,2616.4683867177328,17.6
C2O950,安南,臺南市安南區,23.078333,120.136667,23.076694,120.144861,23.078333,120.136667,-0.0035777582611449706,118.82201035921398,0.8578021119996481,0.8578021119996481,2570.3909902979044,18.1
C2M410,馬頭山,嘉義縣大埔鄉,23.326389,120.573611,23.324361,120.582017,23.326389,120.573611,-0.0035755165241185423,118.82201428170538,0.8874410176150895,0.8874410176150895,2600.9090285617417,19.9
C2O810,曾文,臺南市楠西區,23.221472,120.489222,23.219681,120.497328,23.221472,120.489222,-0.0035764646985723494,118.82201352412743,0.8519353106341266,0.8519353106341266,2588.648028282158,18.3
C2O930,玉井,臺南市玉井區,23.127833,120.452472,23.126042,120.46055,23.127833,120.452472,-0.0035773109557434017,118.82201319420722,0.8497151829933978,0.8497151829933978,2577.9883704691833,18.0
C2V260,月眉,高雄市杉林區,22.972778,120.531778,22.971003,120.539853,22.972778,120.531778,-0.0035787122792676268,118.82201390611321,0.8499268788657358,0.8499268788657358,2561.402493632971,19.0
C2V250,甲仙,高雄市甲仙區,23.081667,120.5825,23.080106,120.591758,23.081667,120.5825,-0.003577728202378089,118.82201436146269,0.9628133899648347,0.9628133899648347,2573.9096343182155,19.6
C2N160,西拉雅風管處,臺南市官田區,23.191241,120.327209,23.189481,120.335297,23.191241,120.327209,-0.0035767378851843004,118.82201206972995,0.8495279879489752,0.8495279879489752,2584.1316786602756,18.0
C2A920,富貴角,新北市石門區,25.265556,121.557278,25.263783,121.565258,25.265556,121.557278,-0.003557991447901172,118.82202311240744,0.8263212400488003,0.8263212400488003,2825.028966007033,14.3
C2A880,福隆,新北市貢寮區,25.019167,121.934167,25.017842,121.942083,25.019167,121.934167,-0.0035602182513208413,118.82202649570497,0.8111223171727066,0.8111223171727066,2802.4179419205493,17.1
C2A540,四堵,新北市坪林區,24.894394,121.737519,24.8926,121.745736,24.894394,121.737519,-0.003561345856344501,118.82202473037344,0.8524684240617468,0.8524684240617468,2786.1423860524956,12.3
C2A560,福山,新北市烏來區,24.778333,121.494583,24.776203,121.502811,24.778333,121.494583,-0.0035623947191027088,118.8220225495154,0.8637934619954948,0.8637934619954948,2770.4495775409187,12.8
C2D720,關西工作站,新竹縣關西鎮,24.759045,121.176589,24.757275,121.184792,24.759045,121.176589,-0.003562568983015251,118.82201969487632,0.8513541303459543,0.8513541303459543,2764.999827458356,15.1
C2D730,寶山農場,新竹縣寶山鄉,24.734205,120.967953,24.732444,120.976153,24.734205,120.967953,-0.0035627934408866205,118.82201782194446,0.850989539684319,0.850989539684319,2760.274885014193,16.0
C2H9K0,屯原,南投縣仁愛鄉,24.069754,121.201235,24.067969,121.209389,24.069754,121.201235,-0.0035687984593558665,118.82201991601303,0.8513140352721943,0.8513140352721943,2688.984921837311,10.8
C2G980,田頭村,彰化縣竹塘鄉,23.828053,120.436042,23.8263,120.444175,23.828053,120.436042,-0.0035709827098466887,118.82201304682742,0.8499233736212537,0.8499233736212537,2655.5357969088586,16.9
C2K610,草嶺石壁,雲林縣古坑鄉,23.604239,120.699612,23.602469,120.707731,23.604239,120.699612,-0.003573005473188699,118.82201541286253,0.8503534119722229,0.8503534119722229,2632.756112957238,16.1
C2F990,摩天嶺,臺中市和平區,24.324225,120.928649,24.322458,120.936819,24.324225,120.928649,-0.0035664986316967977,118.82201746904609,0.85082107295483,0.85082107295483,2714.513754127024,15.9
C2M920,朴子農改,嘉義縣朴子市,23.47164,120.251277,23.469889,120.259383,23.47164,120.251277,-0.0035742037649190723,118.82201138813252,0.8493883520734068,0.8493883520734068,2614.7426214735497,17.2
C2M620,瑞里,嘉義縣梅山鄉,23.546903,120.667039,23.545133,120.675197,23.546903,120.667039,-0.0035735236424174277,118.8220151204451,0.8545730953373202,0.8545730953373202,2626.132151826464,15.5
C2A660,瑞芳,新北市瑞芳區,25.114861,121.792639,25.113169,121.801147,25.114861,121.792639,-0.0035593533931773153,118.82202522522178,0.8770298551401956,0.8770298551401956,2811.1639470625405,15.5
C2A650,火燒寮,新北市平溪區,25.004411,121.734572,25.002719,121.742892,25.004411,121.734572,-0.0035603515764386297,118.82202470393588,0.859288715589932,0.859288715589932,2798.263823971862,13.0
C2H9W0,大坪頂農水,南投縣埔里鎮,24.044894,120.92463,24.043122,120.932781,24.044894,120.92463,-0.0035690230869534077,118.82201743292262,0.8508377756704406,0.8508377756704406,2683.541716843029,17.3
C2K620,馬光農場,雲林縣虎尾鎮,23.723205,120.370739,23.721453,120.378864,23.723205,120.370739,-0.0035719302638077435,118.82201246058476,0.8497545615718394,0.8497545615718394,2643.4486439347306,16.2
C2FB50,出雲,臺中市和平區,24.208236,120.894632,24.206469,120.902794,24.208236,120.894632,-0.0035675468775999437,118.82201716365645,0.8507670309749668,0.8507670309749668,2701.3612195988603,15.5
C2FB60,頭櫃山,臺中市新社區,24.131608,120.850769,24.129842,120.858925,24.131608,120.850769,-0.0035682393965883797,118.82201676988547,0.8506324732926693,0.8506324732926693,2692.4841945360404,15.9
C2H9D0,三隻寮,南投縣國姓鄉,24.094845,120.853424,24.093078,120.861578,24.094845,120.853424,-0.0035685716428936467,118.82201679371354,0.8506919228576729,0.8506919228576729,2688.4350477607395,17.6
C2H9E0,國姓南港,南投縣國姓鄉,23.912878,120.838415,23.911108,120.846556,23.912878,120.838415,-0.0035702161685226413,118.8220166589483,0.8506230085996132,0.8506230085996132,2668.1450278947036,15.5
C2H9F0,柑林,南投縣國姓鄉,24.020426,120.838924,24.018658,120.847072,24.020426,120.838924,-0.0035692442027873785,118.8220166635349,0.8505917789285156,0.8505917789285156,2680.0634466733222,17.1
C2H9G0,百勝,南投縣國姓鄉,24.052912,120.90121,24.051142,120.909361,24.052912,120.90121,-0.0035689506204253717,118.82201722268229,0.8507360122816569,0.8507360122816569,2684.216892759074,17.1
C2M930,石卓,嘉義縣竹崎鄉,23.480516,120.694154,23.478744,120.702264,23.480516,120.694154,-0.0035741236197986983,118.8220153638461,0.8502694557044488,0.8502694557044488,2618.9992908562535,13.9
C2M940,日野賀,嘉義縣阿里山鄉,23.435829,120.719062,23.434056,120.727169,23.435829,120.719062,-0.003574527482917629,118.82201558743834,0.85026985102265,0.85026985102265,2614.257440911051,15.8
C2M950,太和,嘉義縣梅山鄉,23.540143,120.694847,23.538372,120.702961,23.540143,120.694847,-0.0035735847404733535,118.82201537007677,0.8502761906453239,0.8502761906453239,2625.6130487148325,14.9
C2K630,荷苞,雲林縣古坑鄉,23.65948,120.587023,23.657717,120.595144,23.65948,120.587023,-0.0035725062140071263,118.82201440215862,0.8500322856957263,0.8500322856957263,2637.969013176814,16.1
C2H9H0,苗改南投蜂場,南投縣名間鄉,23.854353,120.685345,23.852589,120.693481,23.854353,120.685345,-0.003570745063817672,118.8220152848277,0.8503383641941419,0.8503383641941419,2660.3581885650033,16.9
C2G9A0,畜試所彰化,彰化縣北斗鎮,23.862208,120.549828,23.86045,120.557964,23.862208,120.549828,-0.0035706740522340225,118.82201406829121,0.8501358767051166,0.8501358767051166,2660.160004130214,17.2
C2E970,八甲,苗栗縣苗栗市,24.537566,120.787798,24.535811,120.795983,24.537566,120.787798,-0.003564570538060834,118.82201620465928,0.8506290260783688,0.8506290260783688,2736.923392604904,15.2
C2H9J0,中台,南投縣埔里鎮,24.001373,120.930591,23.9996,120.938739,24.001373,120.930591,-0.0035694164092679387,118.8220174864276,0.8508397206275097,0.8508397206275097,2678.776731476546,18.2
C2H9L0,馬烈霸,南投縣仁愛鄉,24.152982,121.193613,24.1512,121.201772,24.152982,121.193613,-0.003568046284474759,118.82201984760363,0.851206450576779,0.851206450576779,2698.1136751803438,11.0
C2H9M0,發祥,南投縣仁愛鄉,24.155875,121.156357,24.154094,121.164517,24.155875,121.156357,-0.0035680201329285556,118.82201951315652,0.8512610147002352,0.8512610147002352,2698.0549144435936,15.2
C2H9N0,仁愛東眼,南投縣仁愛鄉,24.028656,121.112349,24.026875,121.1205,24.028656,121.112349,-0.003569169868418911,118.82201911807573,0.8511718678724423,0.8511718678724423,2683.5367707598675,14.2
C2H9P0,伊拿谷,南投縣仁愛鄉,23.964991,121.080118,23.963211,121.088264,23.964991,121.080118,-0.0035697452360879266,118.82201882872744,0.8510502114260694,0.8510502114260694,2676.172097782152,16.8
C2H9Q0,北東眼山,南投縣仁愛鄉,24.122721,121.181145,24.120939,121.189303,24.122721,121.181145,-0.003568319766458201,118.82201973567338,0.8512983094354977,0.8512983094354977,2694.638401787681,10.4
C2H9R0,卓社,南投縣仁愛鄉,23.889672,120.991946,23.887894,121.000086,23.889672,120.991946,-0.0035704259177979886,118.82201803719423,0.8508748890413652,0.8508748890413652,2666.981871291345,14.7
C2H9S0,龍南,南投縣國姓鄉,23.955305,120.825039,23.953536,120.833183,23.955305,120.825039,-0.0035698327320392996,118.82201653887863,0.8506293148720986,0.8506293148720986,2672.7274861275787,16.3
C2R970,屏科大,屏東縣內埔鄉,22.65006,120.611193,22.648275,120.619247,22.65006,120.611193,-0.0035816288583681716,118.82201461897074,0.8499968533083146,0.8499968533083146,2526.2710508731843,20.5
C2H9T0,名間竹圍,南投縣名間鄉,23.861675,120.629436,23.859914,120.637572,23.861675,120.629436,-0.0035706788821285064,118.82201478293308,0.8502159655483739,0.8502159655483739,2660.719134543956,15.2
C2H9U0,鳳鵬,南投縣鹿谷鄉,23.76569,120.779931,23.763919,120.788061,23.76569,120.779931,-0.0035715463716437463,118.82201613391311,0.8504740568396649,0.8504740568396649,2651.328076206737,16.9
CAF010,國一N174K,臺中市西屯區,24.206657,120.647035,24.2049,120.6552,24.206657,120.647035,-0.0035675611076969546,118.82201494097495,0.8508169909067892,0.8508169909067892,2699.102291184169,15.6
CAG010,國一N198K,彰化縣彰化市,24.065639,120.514899,24.063889,120.523056,24.065639,120.514899,-0.0035688355374615083,118.82201375476583,0.8507373367116181,0.8507373367116181,2682.458434311725,-99.0
CAJ020,國一N234K,雲林縣西螺鎮,23.748078,120.459788,23.74633,120.467926,23.748078,120.459788,-0.0035717054883273166,118.82201325998273,0.8507871093867223,0.8507871093867223,2646.836250686293,16.6
CAL010,國一N250K,嘉義縣大林鎮,23.612038,120.428737,23.610292,120.436867,23.612038,120.428737,-0.0035729349457623,118.82201298121562,0.8507828653562551,0.8507828653562551,2631.523921062115,17.2
CAD010,國一S105K,新竹縣寶山鄉,24.728088,120.932448,24.726316,120.940643,24.728088,120.932448,-0.003562848717564751,118.82201750321467,0.8508201968350987,0.8508201968350987,2759.2776770656797,16.3
CAE020,國一S114K,苗栗縣頭份市,24.670593,120.877616,24.668836,120.885811,24.670593,120.877616,-0.0035633683201530745,118.8220170109779,0.8508072951524112,0.8508072951524112,2752.4283325697197,16.6
CAE030,國一S123K,苗栗縣頭屋鄉,24.597708,120.852523,24.59594,120.86071,24.597708,120.852523,-0.0035640270147948984,118.82201678570603,0.85077215748377,0.85077215748377,2744.1353067394407,15.6
CAE040,國一S132K,苗栗縣公館鄉,24.526272,120.812648,24.524506,120.820831,24.526272,120.812648,-0.0035646726116932955,118.8220164277362,0.8507861134254775,0.8507861134254775,2735.879931057298,15.9
CAE050,國一S152K,苗栗縣三義鄉,24.377254,120.74101,24.375492,120.749184,24.377254,120.74101,-0.0035660193513225693,118.82201578461708,0.8507497228309818,0.8507497228309818,2718.7685817746656,14.5
CAF020,國一S162K,臺中市后里區,24.297293,120.687806,24.295534,120.695976,24.297293,120.687806,-0.0035667419908082293,118.82201530699128,0.850787144900609,0.850787144900609,2709.473785952999,15.3
CAF030,國一S169K,臺中市神岡區,24.238875,120.680105,24.237116,120.688271,24.238875,120.680105,-0.003567269942651726,118.82201523784991,0.8507629243897459,0.8507629243897459,2702.9366084378757,15.6
CAF040,國一S188K,臺中市大肚區,24.120299,120.577587,24.118546,120.585747,24.120299,120.577587,-0.0035683415574821104,118.82201431752554,0.8507662521269239,0.8507662521269239,2688.9895105309597,16.8
CAG030,國一S207K,彰化縣大村鄉,23.990053,120.499939,23.988304,120.508092,23.990053,120.499939,-0.003569518644050068,118.8220136204576,0.8507906043469171,0.8507906043469171,2673.9658526762323,17.0
CAE060,國三N119K,苗栗縣竹南鎮,24.677199,120.839196,24.675432,120.847389,24.677199,120.839196,-0.0035633086121553787,118.82201666608216,0.85082405761407,0.85082405761407,2752.8283245783155,16.5
CAE070,國三N151K,苗栗縣苑裡鎮,24.441976,120.673477,24.440218,120.681656,24.441976,120.673477,-0.003565434414842044,118.8220151783829,0.8507270678047922,0.8507270678047922,2725.3976062706824,16.3
CAG040,國三N191K,彰化縣和美鎮,24.141006,120.513338,24.139256,120.5215,24.141006,120.513338,-0.00356815440740935,118.82201374076483,0.8507569341443304,0.8507569341443304,2690.805290247375,16.7
CAG050,國三N196K,彰化縣彰化市,24.108907,120.546322,24.107155,120.554482,24.108907,120.546322,-0.0035684445076961443,118.82201403685745,0.8508125259135296,0.8508125259135296,2687.49006266533,16.6
CAF050,國三N208K,臺中市霧峰區,24.067905,120.652763,24.066147,120.660919,24.067905,120.652763,-0.003568815080814346,118.822014992373,0.8508282236897471,0.8508282236897471,2683.766333185837,17.2
CAE560,國一S144K,苗栗縣銅鑼鄉,24.438818,120.770016,24.437042,120.778219,24.438818,120.770016,-0.0035654629709338886,118.82201604501415,0.8535729226378755,0.8535729226378755,2725.830029095394,14.1
CAF950,國一N158K,臺中市后里區,24.334121,120.708967,24.332372,120.717144,24.334121,120.708967,-0.003566409160924935,118.82201549695975,0.8509885407645164,0.8509885407645164,2713.7277790987746,15.0
CAF960,國三S175K,臺中市沙鹿區,24.253246,120.58152,24.251494,120.589683,24.253246,120.58152,-0.0035671400486598547,118.8220143528535,0.8501971996920117,0.8501971996920117,2703.7608107283427,15.6
CAF980,國三N183K,臺中市龍井區,24.19538,120.562148,24.193628,120.570311,24.19538,120.562148,-0.0035676630099075873,118.82201417894153,0.8505633224059097,0.8505633224059097,2697.197864705743,15.9
CAH010,國三N223K,南投縣草屯鎮,23.956874,120.654227,23.955116,120.662376,23.956874,120.654227,-0.0035698185245056054,118.82201500549752,0.8508319500773036,0.8508319500773036,2671.4702765225093,16.1
CAJ010,國三N252K,雲林縣林內鄉,23.775877,120.632472,23.77412,120.64061,23.775877,120.632472,-0.003571454282657101,118.82201481017353,0.8508441487164689,0.8508441487164689,2651.232859906141,16.5
CAE080,國三S140K,苗栗縣通霄鎮,24.524106,120.716822,24.522345,120.725006,24.524106,120.716822,-0.003564692171405423,118.82201556750468,0.850770287227305,0.850770287227305,2734.8476728822216,16.1
CAE090,國三S156K,苗栗縣苑裡鎮,24.399738,120.66131,24.39798,120.669487,24.399738,120.66131,-0.0035658161390964716,118.82201506915281,0.850799720313847,0.850799720313847,2720.619177148273,16.3
CAF060,國三S168K,臺中市清水區,24.310274,120.606299,24.308519,120.614471,24.310274,120.606299,-0.0035666246617192224,118.82201457530407,0.8507998076830154,0.8507998076830154,2710.272940575841,16.0
CAG060,國三S202K,彰化縣彰化市,24.094222,120.595098,24.092468,120.603256,24.094222,120.595098,-0.0035685772313934177,118.82201447471782,0.8507583048869725,0.8507583048869725,2686.232328906831,17.0
CAH020,國三S217K,南投縣草屯鎮,24.008587,120.645062,24.00683,120.653214,24.008587,120.645062,-0.0035693511664140437,118.8220149232315,0.8507794655151512,0.8507794655151512,2677.129599212741,16.8
CAF090,國四E5K,臺中市神岡區,24.298221,120.634964,24.296465,120.643135,24.298221,120.634964,-0.0035667335954380516,118.82201483262816,0.850803255309698,0.850803255309698,2709.1584960218447,15.9
CAA090,國三甲005K,臺北市文山區,25.003726,121.589277,25.00194,121.5975,25.003726,121.589277,-0.0035603577435902997,118.82202339962079,0.8521335139855098,0.8521335139855098,2796.465191681046,14.8
CAC020,國二E009K,桃園市桃園區,25.020014,121.265475,25.018244,121.273697,25.020014,121.265475,-0.003560210488211098,118.82202049284895,0.8515156302545097,0.8515156302545097,2794.7655438180623,15.0
CAB050,國三N002K,基隆市中山區,25.147619,121.713466,25.14583,121.7217,25.147619,121.713466,-0.0035590573296897152,118.82202451449004,0.8523416631206648,0.8523416631206648,2813.8094709216857,16.3
CAB030,國三S004K,基隆市七堵區,25.116228,121.680369,25.11444,121.6886,25.116228,121.680369,-0.003559341020715657,118.82202421737284,0.8522291592794671,0.8522291592794671,2809.9510163731065,15.0
CAB040,國三S007K,基隆市七堵區,25.098727,121.65957,25.09694,121.6678,25.098727,121.65957,-0.003559499182759162,118.82202403065716,0.8522206507844158,0.8522206507844158,2807.773884555537,14.6
CAA030,國三S010K,新北市汐止區,25.081787,121.639272,25.08,121.6475,25.081787,121.639272,-0.0035596522748422644,118.82202384843904,0.8521363487414011,0.8521363487414011,2805.6658203187862,14.6
CAA040,國三S016K,臺北市南港區,25.034846,121.607575,25.03306,121.6158,25.034846,121.607575,-0.003560076499331455,118.82202356388713,0.8521252177997805,0.8521252177997805,2800.1135527687666,14.6
CAA050,國三S037K,新北市土城區,24.984141,121.462821,24.982361,121.471042,24.984141,121.462821,-0.003560534722679839,118.8220222644206,0.8519106291981644,0.8519106291981644,2792.881747115193,15.0
CAA060,國三S042K,新北市土城區,24.961778,121.422381,24.96,121.4306,24.961778,121.422381,-0.0035607368219005616,118.82202190138663,0.8518093859735943,0.8518093859735943,2789.969215083561,15.6
CAA070,國三N046K,新北市樹林區,24.952607,121.387582,24.95083,121.3958,24.952607,121.387582,-0.0035608196992405828,118.82202158899413,0.8517455527157674,0.8517455527157674,2788.5812704743003,15.6
CAA990,國一N039K,新北市泰山區,25.066207,121.373771,25.064433,121.381972,25.066207,121.373771,-0.0035597930361885243,118.82202146503084,0.8492575693373154,0.8492575693373154,2800.995887377629,14.4
CAC760,國一高架N063K,桃園市平鎮區,24.952048,121.188097,24.950281,121.196314,24.952048,121.188097,-0.003560824718885871,118.82201979821481,0.8513938135044022,0.8513938135044022,2786.471615052226,14.9
CAD710,國三N077K,新竹縣關西鎮,24.799064,121.181827,24.797294,121.190033,24.799064,121.181827,-0.0035622073118650338,118.82201974190436,0.8513889767069487,0.8513889767069487,2769.480137757842,14.6
CAC770,國三N072K,桃園市龍潭區,24.838161,121.191163,24.836391,121.199371,24.838161,121.191163,-0.0035618539739603887,118.82201982572002,0.8513310661806611,0.8513310661806611,2773.899037616204,13.6
CAAD60,國五S005K,新北市石碇區,24.998202,121.643708,24.996414,121.651931,24.998202,121.643708,-0.003560407675598914,118.82202388824766,0.8522216049946176,0.8522216049946176,2796.485944569167,14.0
CAAD70,國五S006K,新北市石碇區,24.991753,121.64875,24.989964,121.656972,24.991753,121.64875,-0.0035604659592996506,118.8220239335087,0.8521918393423219,0.8521918393423219,2795.8326890287976,14.0
CAAD80,國五N008K,新北市石碇區,24.985201,121.659868,24.982411,121.668089,24.985201,121.659868,-0.003560525174848074,118.82202403331408,0.8847686001587379,0.8847686001587379,2795.1292706778668,13.6
CAAD90,國五N013K,新北市坪林區,24.949395,121.697289,24.947603,121.705508,24.949395,121.697289,-0.0035608487778934048,118.82202436923708,0.8522531164767607,0.8522531164767607,2791.7298014153102,13.5
CAUB30,國五S031K,宜蘭縣礁溪鄉,24.820942,121.774168,24.819144,121.782378,24.820942,121.774168,-0.003562009685260797,118.82202505936014,0.8523645023150594,0.8523645023150594,2778.4835022726315,15.6
CAUB40,國五S041K,宜蘭縣壯圍鄉,24.736563,121.773719,24.734764,121.781922,24.736563,121.773719,-0.003562772261007305,118.82202505531593,0.852251108492686,0.852251108492686,2769.165920192608,16.3
CAUB50,國五S047K,宜蘭縣羅東鎮,24.677257,121.786384,24.675456,121.794583,24.677257,121.786384,-0.003563308241460985,118.82202516900026,0.8522940587578007,0.8522940587578007,2762.778663506319,14.4
CAA080,國三S054K,新北市鶯歌區,24.940943,121.315683,24.93917,121.3239,24.940943,121.315683,-0.0035609251010748477,118.82202094355408,0.8516207074530915,0.8516207074530915,2786.53430618343,15.3
CAC030,國三N063K,桃園市大溪區,24.891285,121.255387,24.889514,121.2636,24.891285,121.255387,-0.0035613738758361047,118.82202040226817,0.8515012781523278,0.8515012781523278,2780.421827535798,14.3
CAD080,國三N085K,新竹縣關西鎮,24.785096,121.112895,24.78333,121.1211,24.785096,121.112895,-0.003562333536595782,118.82201912309871,0.8512787833957225,0.8512787833957225,2767.2616797221317,14.9
CAD090,國三S103K,新竹市東區,24.76037,120.952631,24.75861,120.9608,24.76037,120.952631,-0.0035625569720294592,118.82201768440288,0.847748401534035,0.847748401534035,2763.034543710877,15.8
CAB010,國一S001K,基隆市安樂區,25.11762,121.720369,25.11583,121.7286,25.11762,121.720369,-0.003559328446986217,118.82202457645356,0.852271897538207,0.852271897538207,2810.579527573573,15.9
CAB020,國一S006K,基隆市七堵區,25.088729,121.678671,25.08694,121.6869,25.088729,121.678671,-0.003559589542850655,118.82202420212548,0.8522404659674028,0.8522404659674028,2806.8941901964176,14.9
CAA010,國一N013K,新北市汐止區,25.068524,121.619925,25.066739,121.628153,25.068524,121.619925,-0.0035597721361654996,118.82202367475867,0.8521717964978737,0.8521717964978737,2803.976492431797,15.1
CAA020,國一S026K,新北市三重區,25.078169,121.488172,25.07639,121.4964,25.078169,121.488172,-0.003559684948062596,118.82202249201193,0.8519531486679225,0.8519531486679225,2803.5536784454553,16.0
CAC010,國一S072K,桃園市楊梅區,24.897595,121.125987,24.89583,121.1342,24.897595,121.125987,-0.0035613168281997047,118.82201924064383,0.8513060146597647,0.8513060146597647,2779.84004808576,14.3
CAD020,國一N077K,新竹縣湖口鄉,24.886763,121.080688,24.885,121.0889,24.886763,121.080688,-0.0035614147151375466,118.8220188339924,0.851227323037546,0.851227323037546,2778.209172313492,14.8
CAD030,國一S082K,新竹縣湖口鄉,24.878431,121.038489,24.87667,121.0467,24.878431,121.038489,-0.0035614900088097455,118.82201845517015,0.8511323283692649,0.8511323283692649,2776.8919081444174,14.3
CAD040,國一S088K,新竹縣竹北市,24.8462,121.013191,24.84444,121.0214,24.8462,121.013191,-0.00356178129260368,118.82201822806452,0.851120498874426,0.851120498874426,2773.089650926071,15.4
CAD050,國一N094K,新竹市東區,24.799541,121.000695,24.79778,121.0089,24.799541,121.000695,-0.0035622029716249736,118.82201811588031,0.8510568264326112,0.8510568264326112,2767.8081980923807,16.3
CAD060,國一S098K,新竹縣寶山鄉,24.762369,120.982894,24.76056,120.9911,24.762369,120.982894,-0.0035625389109563074,118.82201795607453,0.8526400543678357,0.8526400543678357,2763.5241163524242,16.0
CAL020,國一S262K,嘉義縣民雄鄉,23.51409,120.394928,23.512333,120.403038,23.51409,120.394928,-0.0035738201460287374,118.82201267769614,0.8496794052929194,0.8496794052929194,2620.4178875032194,16.8
CAL030,國一N268K,嘉義縣水上鄉,23.46259,120.367726,23.460833,120.375833,23.46259,120.367726,-0.0035742855732354964,118.82201243349516,0.8496959937624347,0.8496959937624347,2614.514830047614,16.8
CAL040,國一N273K,嘉義縣水上鄉,23.418417,120.346896,23.416666,120.355,23.418417,120.346896,-0.003574684783660453,118.82201224649688,0.8495139585048194,0.8495139585048194,2609.4713361811687,16.8
CAN010,國一N288K,臺南市新營區,23.307846,120.281937,23.30609,120.290033,23.307846,120.281937,-0.0035756840593284423,118.8220116633414,0.8495176051826824,0.8495176051826824,2596.765623445184,17.1
CAN020,國一S306K,臺南市麻豆區,23.154587,120.222474,23.152831,120.230558,23.154587,120.222474,-0.003577069128989921,118.82201112951671,0.8492479519136786,0.8492479519136786,2579.372552783284,17.0
CAN040,國一N323K,臺南市永康區,23.01355,120.241377,23.011789,120.249453,23.01355,120.241377,-0.0035783437549441748,118.82201129918651,0.8494234134486751,0.8494234134486751,2563.8424750806557,18.1
CAP010,國一S342K,高雄市路竹區,22.847321,120.286935,22.845555,120.295,22.847321,120.286935,-0.0035798460580996104,118.8220117081345,0.8494426576952362,0.8494426576952362,2545.6995965548167,18.3
CAP020,國一S346K,高雄市岡山區,22.81399,120.306103,22.812222,120.314166,22.81399,120.306103,-0.0035801472903569742,118.82201188020049,0.8494915930046414,0.8494915930046414,2542.132105921642,18.5
CAP030,國一N351K,高雄市橋頭區,22.767602,120.320828,22.765833,120.328888,22.767602,120.320828,-0.003580566524624334,118.82201201237953,0.8494916314037271,0.8494916314037271,2537.0874169497624,-99.0
CAP040,國一N361K,高雄市仁武區,22.682326,120.320557,22.680555,120.328611,22.682326,120.320557,-0.0035813372070366946,118.82201200993308,0.8494455978523524,0.8494455978523524,2527.624993711857,18.8
CAL050,國三N279K,嘉義縣大林鎮,23.597872,120.515216,23.596111,120.523333,23.597872,120.515216,-0.0035730629851062432,118.82201375753638,0.8499630870453577,0.8499630870453577,2630.5863716695267,16.6
CAL070,國三N295K,嘉義市東區,23.470361,120.491261,23.468598,120.499369,23.470361,120.491261,-0.003574215362793471,118.8220135424716,0.8499015345118648,0.8499015345118648,2616.266269375333,16.5
CAM900,國三S290K,嘉義縣竹崎鄉,23.505867,120.482631,23.504106,120.490742,23.505867,120.482631,-0.0035738944756667328,118.82201346500568,0.8499312596934318,0.8499312596934318,2620.139685572515,17.2
CAV270,國一S336K,高雄市路竹區,22.89593,120.263097,22.894167,120.271178,22.89593,120.263097,-0.003579406750051556,118.82201149414828,0.8506726448841795,0.8506726448841795,2550.933544615089,18.5
CAN150,國一N315K,臺南市新市區,23.08526,120.24383,23.0835,120.251897,23.08526,120.24383,-0.0035776956757073413,118.82201132121864,0.8480737977086941,0.8480737977086941,2571.816072035126,17.7
CAV280,國三S378K,高雄市田寮區,22.82773,120.407455,22.825958,120.415519,22.82773,120.407455,-0.003580023131442673,118.82201279004083,0.8496132268582344,0.8496132268582344,2544.3753750896703,17.5
CAL080,國三N303K,嘉義縣中埔鄉,23.413742,120.444389,23.411969,120.452447,23.413742,120.444389,-0.003574727049810692,118.82201312169198,0.8455412932679234,0.8455412932679234,2609.6394941728217,17.0
CAN060,國三S311K,臺南市白河區,23.34815,120.430789,23.346388,120.438888,23.34815,120.430789,-0.0035753198357727643,118.82201299959407,0.8497252348234903,0.8497252348234903,2602.2672238410305,17.0
CAN070,國三S329K,臺南市官田區,23.214538,120.347743,23.212777,120.355833,23.214538,120.347743,-0.0035765273417101263,118.82201225406764,0.8496123058075339,0.8496123058075339,2586.8575241763883,17.3
CAN080,國三N336K,臺南市官田區,23.156484,120.336914,23.154722,120.345,23.156484,120.336914,-0.003577052003392339,118.82201215684628,0.8495891874354231,0.8495891874354231,2580.3420676530245,17.8
CAN090,國三S342K,臺南市善化區,23.108456,120.319446,23.106694,120.327528,23.108456,120.319446,-0.0035774860539518386,118.8220120000281,0.8494792204109524,0.8494792204109524,2574.893755966026,17.7
CAN100,國三S366K,臺南市關廟區,22.909476,120.343284,22.9077,120.3513,22.909476,120.343284,-0.0035792843409815753,118.82201221399013,0.8444521364612774,0.8444521364612774,2552.981970188632,17.2
CAP060,國三S385K,高雄市大樹區,22.769552,120.436379,22.767777,120.444444,22.769552,120.436379,-0.0035805489202214713,118.82201304968257,0.8501335364590258,0.8501335364590258,2538.1371333948578,18.5
CAQ020,國三S415K,屏東縣竹田鄉,22.569782,120.519952,22.568,120.528,22.569782,120.519952,-0.00358235435656996,118.82201379988628,0.8497890104367125,0.8497890104367125,2516.630440323516,19.8
CAQ010,國三N425K,屏東縣南州鄉,22.482061,120.523624,22.480277,120.531666,22.482061,120.523624,-0.003583147136327575,118.82201383283576,0.849751831333921,0.849751831333921,2506.9347945948884,20.2
CAJ040,西濱S241K,雲林縣口湖鄉,23.625171,120.164529,23.623426,120.172646,23.625171,120.164529,-0.0035728162133539616,118.8220106094194,0.8493872448364028,0.8493872448364028,2631.2458911495246,-99.0
CAL100,西濱S267K,嘉義縣東石鄉,23.417568,120.15477,23.41613,120.162872,23.417568,120.15477,-0.003574692425358675,118.82201052177936,0.8420226499055433,0.8420226499055433,2608.1771072789775,17.6
CAC050,西濱S023K,桃園市蘆竹區,25.118258,121.26728,25.11649,121.27551,25.118258,121.26728,-0.0035593226076498525,118.82202050906824,0.8516016718793505,0.8516016718793505,2805.652881575978,16.7
CAC060,西濱S032K,桃園市大園區,25.09373,121.184277,25.091966,121.192505,25.09373,121.184277,-0.0035595442661777734,118.82201976394535,0.851464853857864,0.851464853857864,2802.1136932292916,-99.0
CAD100,西濱N066K,新竹縣新豐鄉,24.897357,120.956688,24.8956,120.9649,24.897357,120.956688,-0.0035613189516955075,118.82201772084463,0.8510047371552093,0.8510047371552093,2778.2436897928037,16.2
CAD110,西濱S082K,新竹市香山區,24.753481,120.896827,24.751724,120.905028,24.753481,120.896827,-0.0035626192223740154,118.8220171834486,0.8508606112047653,0.8508606112047653,2761.7780761937456,16.3
CAE100,西濱N107K,苗栗縣後龍鎮,24.597551,120.731211,24.5958,120.7394,24.597551,120.731211,-0.003564028414025752,118.82201569668673,0.850535136601344,0.850535136601344,2743.105681859038,16.4
CAE110,西濱S129K,苗栗縣苑裡鎮,24.44895,120.634622,24.4472,120.6428,24.44895,120.634622,-0.0035653713809708173,118.82201482958223,0.8503799462775214,0.8503799462775214,2725.8671961490213,16.6
CAF100,西濱N151K,臺中市清水區,24.277713,120.539516,24.275964,120.547681,24.277713,120.539516,-0.0035669189211658342,118.82201397578703,0.8501630988221627,0.8501630988221627,2706.159215637341,16.6
CAG070,西濱S173K,彰化縣鹿港鎮,24.109847,120.426423,24.1081,120.434576,24.109847,120.426423,-0.0035684359930073886,118.82201296052284,0.849987778796955,0.849987778796955,2686.727213137948,17.0
CAG080,西濱S189K,彰化縣芳苑鄉,23.989603,120.361463,23.987857,120.369607,23.989603,120.361463,-0.003569522688484505,118.82201237735681,0.8498270611277143,0.8498270611277143,2672.9419607823165,17.0
CAG090,西濱N210K,彰化縣大城鄉,23.845282,120.285103,23.843536,120.293236,23.845282,120.285103,-0.0035708269781716366,118.82201169184899,0.8496381881247024,0.8496381881247024,2656.424692922565,17.0
CAJ030,西濱N222K,雲林縣麥寮鄉,23.73948,120.248007,23.737734,120.256132,23.73948,120.248007,-0.0035717831584857486,118.82201135882075,0.8495012932340089,0.8495012932340089,2644.4465044681374,17.1
CAL090,西濱S257K,嘉義縣東石鄉,23.504025,120.163753,23.502278,120.171861,23.504025,120.163753,-0.0035739110710634515,118.82201060243372,0.8492873694528595,0.8492873694528595,2617.79361017013,17.5
CAN110,西濱S280K,臺南市北門區,23.30695,120.140816,23.3052,120.14891,23.30695,120.140816,-0.0035756921340569844,118.82201039649637,0.8491711005033925,0.8491711005033925,2595.780034147185,17.8
CAN120,西濱N304K,臺南市七股區,23.10519,120.078614,23.103439,120.086694,23.10519,120.078614,-0.003577515531404884,118.82200983807581,0.8490183785087866,0.8490183785087866,2573.0179443609754,18.1
